condition,threshold,accuracy,precision,recall,f1,roc_auc
Telephone,0.05,0.501,0.5005005005005005,1.0,0.66711140760507,0.6242199999999999
Telephone,0.1,0.502,0.501004016064257,0.998,0.6671122994652406,0.6242199999999999
Telephone,0.15000000000000002,0.506,0.5030241935483871,0.998,0.6689008042895442,0.6242199999999999
Telephone,0.2,0.506,0.5030241935483871,0.998,0.6689008042895442,0.6242199999999999
Telephone,0.25,0.507,0.5035317860746721,0.998,0.6693494299128102,0.6242199999999999
Telephone,0.3,0.512,0.5060851926977687,0.998,0.6716016150740243,0.6242199999999999
Telephone,0.35000000000000003,0.512,0.5060851926977687,0.998,0.6716016150740243,0.6242199999999999
Telephone,0.4,0.513,0.5065989847715736,0.998,0.672053872053872,0.6242199999999999
Telephone,0.45,0.512,0.5060975609756098,0.996,0.6711590296495957,0.6242199999999999
Telephone,0.5,0.512,0.5060975609756098,0.996,0.6711590296495957,0.6242199999999999
Telephone,0.55,0.512,0.5060975609756098,0.996,0.6711590296495957,0.6242199999999999
Telephone,0.6000000000000001,0.513,0.5066124109867752,0.996,0.6716115981119353,0.6242199999999999
Telephone,0.6500000000000001,0.515,0.5076452599388379,0.996,0.6725185685347738,0.6242199999999999
Telephone,0.7000000000000001,0.518,0.50920245398773,0.996,0.6738836265223275,0.6242199999999999
Telephone,0.7500000000000001,0.519,0.5097236438075742,0.996,0.6743398781313473,0.6242199999999999
Telephone,0.8,0.52,0.5102669404517454,0.994,0.6743554952510177,0.6242199999999999
Telephone,0.8500000000000001,0.522,0.5113168724279835,0.994,0.6752717391304348,0.6242199999999999
Telephone,0.9000000000000001,0.525,0.5128998968008256,0.994,0.6766507828454731,0.6242199999999999
Telephone,0.9500000000000001,0.53,0.5155925155925156,0.992,0.6785225718194254,0.6242199999999999
Telephone + G.711 A-law,0.05,0.505,0.5025125628140703,1.0,0.6688963210702341,0.8208019999999999
Telephone + G.711 A-law,0.1,0.508,0.5040322580645161,1.0,0.6702412868632708,0.8208019999999999
Telephone + G.711 A-law,0.15000000000000002,0.509,0.5045500505561172,0.998,0.6702484889187375,0.8208019999999999
Telephone + G.711 A-law,0.2,0.51,0.5050607287449392,0.998,0.6706989247311828,0.8208019999999999
Telephone + G.711 A-law,0.25,0.511,0.5055724417426545,0.998,0.6711499663752521,0.8208019999999999
Telephone + G.711 A-law,0.3,0.515,0.5076297049847406,0.998,0.6729602157788267,0.8208019999999999
Telephone + G.711 A-law,0.35000000000000003,0.515,0.5076297049847406,0.998,0.6729602157788267,0.8208019999999999
Telephone + G.711 A-law,0.4,0.515,0.5076297049847406,0.998,0.6729602157788267,0.8208019999999999
Telephone + G.711 A-law,0.45,0.518,0.5091836734693878,0.998,0.6743243243243243,0.8208019999999999
Telephone + G.711 A-law,0.5,0.52,0.5102249488752556,0.998,0.6752368064952639,0.8208019999999999
Telephone + G.711 A-law,0.55,0.52,0.5102249488752556,0.998,0.6752368064952639,0.8208019999999999
Telephone + G.711 A-law,0.6000000000000001,0.522,0.5112704918032787,0.998,0.6761517615176151,0.8208019999999999
Telephone + G.711 A-law,0.6500000000000001,0.527,0.513903192584964,0.998,0.6784500339904826,0.8208019999999999
Telephone + G.711 A-law,0.7000000000000001,0.533,0.5170984455958549,0.998,0.6812286689419795,0.8208019999999999
Telephone + G.711 A-law,0.7500000000000001,0.533,0.5171339563862928,0.996,0.6807928913192071,0.8208019999999999
Telephone + G.711 A-law,0.8,0.539,0.5203761755485894,0.996,0.6835964310226493,0.8208019999999999
Telephone + G.711 A-law,0.8500000000000001,0.542,0.5220588235294118,0.994,0.6845730027548209,0.8208019999999999
Telephone + G.711 A-law,0.9000000000000001,0.553,0.5281615302869288,0.994,0.6897987508674531,0.8208019999999999
Telephone + G.711 A-law,0.9500000000000001,0.567,0.5361380798274002,0.994,0.6965662228451296,0.8208019999999999
