file,label,speaker_id,scenario_id,scenario,category,language,sample_rate,channels,duration,source
BV01_bonafide.wav,bonafide,BONAFIDE_S01,BV01,Suspicious card transaction,card_payment_not_recognised,English,16000,1,,
BV01_spoof.wav,spoof,SPOOF_V01,BV01,Suspicious card transaction,card_payment_not_recognised,English,16000,1,,
BV02_bonafide.wav,bonafide,BONAFIDE_S01,BV02,Suspicious cash withdrawal,cash_withdrawal_not_recognised,English,16000,1,,
BV02_spoof.wav,spoof,SPOOF_V01,BV02,Suspicious cash withdrawal,cash_withdrawal_not_recognised,English,16000,1,,
BV03_bonafide.wav,bonafide,BONAFIDE_S01,BV03,Compromised card,compromised_card,English,16000,1,,
BV03_spoof.wav,spoof,SPOOF_V01,BV03,Compromised card,compromised_card,English,16000,1,,
BV04_bonafide.wav,bonafide,BONAFIDE_S01,BV04,Failed bank transfer,failed_transfer,English,16000,1,,
BV04_spoof.wav,spoof,SPOOF_V01,BV04,Failed bank transfer,failed_transfer,English,16000,1,,
BV05_bonafide.wav,bonafide,BONAFIDE_S01,BV05,Pending bank transfer,pending_transfer,English,16000,1,,
BV05_spoof.wav,spoof,SPOOF_V01,BV05,Pending bank transfer,pending_transfer,English,16000,1,,
BV06_bonafide.wav,bonafide,BONAFIDE_S01,BV06,Transfer not received,transfer_not_received_by_recipient,English,16000,1,,
BV06_spoof.wav,spoof,SPOOF_V01,BV06,Transfer not received,transfer_not_received_by_recipient,English,16000,1,,
BV07_bonafide.wav,bonafide,BONAFIDE_S01,BV07,Identity verification,verify_my_identity,English,16000,1,,
BV07_spoof.wav,spoof,SPOOF_V01,BV07,Identity verification,verify_my_identity,English,16000,1,,
BV08_bonafide.wav,bonafide,BONAFIDE_S01,BV08,Identity verification problem,unable_to_verify_identity,English,16000,1,,
BV08_spoof.wav,spoof,SPOOF_V01,BV08,Identity verification problem,unable_to_verify_identity,English,16000,1,,
BV09_bonafide.wav,bonafide,BONAFIDE_S01,BV09,Source of funds verification,verify_source_of_funds,English,16000,1,,
BV09_spoof.wav,spoof,SPOOF_V01,BV09,Source of funds verification,verify_source_of_funds,English,16000,1,,
BV10_bonafide.wav,bonafide,BONAFIDE_S01,BV10,Failed account top-up,top_up_failed,English,16000,1,,
BV10_spoof.wav,spoof,SPOOF_V01,BV10,Failed account top-up,top_up_failed,English,16000,1,,
BV11_bonafide.wav,bonafide,BONAFIDE_S01,BV11,Unknown direct debit,direct_debit_payment_not_recognised,English,16000,1,,
BV11_spoof.wav,spoof,SPOOF_V01,BV11,Unknown direct debit,direct_debit_payment_not_recognised,English,16000,1,,
BV12_bonafide.wav,bonafide,BONAFIDE_S01,BV12,Unexpected account charge,extra_charge_on_statement,English,16000,1,,
BV12_spoof.wav,spoof,SPOOF_V01,BV12,Unexpected account charge,extra_charge_on_statement,English,16000,1,,
BV13_bonafide.wav,bonafide,BONAFIDE_S01,BV13,Card not working,card_not_working,English,16000,1,,
BV13_spoof.wav,spoof,SPOOF_V01,BV13,Card not working,card_not_working,English,16000,1,,
BV14_bonafide.wav,bonafide,BONAFIDE_S01,BV14,Lost or stolen card,lost_or_stolen_card,English,16000,1,,
BV14_spoof.wav,spoof,SPOOF_V01,BV14,Lost or stolen card,lost_or_stolen_card,English,16000,1,,
BV15_bonafide.wav,bonafide,BONAFIDE_S01,BV15,PIN blocked,pin_blocked,English,16000,1,,
BV15_spoof.wav,spoof,SPOOF_V01,BV15,PIN blocked,pin_blocked,English,16000,1,,
BV16_bonafide.wav,bonafide,BONAFIDE_S01,BV16,Refund missing,Refund_not_showing_up,English,16000,1,,
BV16_spoof.wav,spoof,SPOOF_V01,BV16,Refund missing,Refund_not_showing_up,English,16000,1,,
BV17_bonafide.wav,bonafide,BONAFIDE_S01,BV17,Refund request,request_refund,English,16000,1,,
BV17_spoof.wav,spoof,SPOOF_V01,BV17,Refund request,request_refund,English,16000,1,,
BV18_bonafide.wav,bonafide,BONAFIDE_S01,BV18,Beneficiary problem,beneficiary_not_allowed,English,16000,1,,
BV18_spoof.wav,spoof,SPOOF_V01,BV18,Beneficiary problem,beneficiary_not_allowed,English,16000,1,,
