id,type,language,script,duration,emotion,tone,persuasion_patterns,behavior,audio_path,lot
lot11_en_fraud_1040,fraudulent,en,"Attention! Your bank account has been flagged for a fraudulent transfer attempt of $5,000 to an offshore account. I am the senior agent of the Bank Security Department. To unblock your account and recover your funds, you must immediately confirm your full credit card number and the security question answer. Your money is in danger of permanent suspension. Act immediately. Obey my authority.",26.56,"['authority', 'anxiety']","['authoritative', 'threat']","['authority', 'threat', 'urgency', 'scarcity']",['long_silence'],audio\lot11_en_fraud_1040.wav,11
lot12_en_fraud_1108,fraudulent,en,"Attention! Your bank account has been flagged for a fraudulent ATM withdrawal of $1,500 in an overseas location. I am the senior agent of the Bank Security Department. To unblock your account and recover your funds, you must immediately confirm your full credit card number and the CVV code. Your money is in danger of permanent suspension. Act immediately. Obey my authority. Time is running out to save your assets.",28.9,"['authority', 'anxiety']","['authoritative', 'threat']","['authority', 'threat', 'urgency', 'scarcity']",['long_silence'],audio\lot12_en_fraud_1108.wav,12
lot12_en_fraud_1159,fraudulent,en,"Attention! Your bank account has been flagged for a fraudulent transfer attempt of $6,000 to an offshore account. I am the senior agent of the Bank Security Department. To unblock your account and recover your funds, you must immediately confirm your full credit card number and the security question answer. Your money is in danger of permanent suspension. Act immediately. Obey my authority.",26.01,"['authority', 'anxiety']","['authoritative', 'threat']","['authority', 'threat', 'urgency', 'scarcity']",['long_silence'],audio\lot12_en_fraud_1159.wav,12
lot13_en_fraud_1208,fraudulent,en,"Attention! Your bank account has been flagged for a fraudulent overseas payment of $2,500. I am the senior agent of the Bank Security Department. To unblock your account and recover your funds, you must immediately confirm your full debit card number and the PIN code. Your money is in danger of permanent suspension. Act immediately. Obey my authority. Time is running out to save your assets.",27.42,"['authority', 'anxiety']","['authoritative', 'threat']","['authority', 'threat', 'urgency', 'scarcity']",['long_silence'],audio\lot13_en_fraud_1208.wav,13
lot14_en_fraud_1308,fraudulent,en,"Attention! Your bank account has been flagged for a fraudulent overseas payment of $3,500. I am the senior agent of the Bank Security Department. To unblock your account and recover your funds, you must immediately confirm your full debit card number and the CVV code. Your money is in danger of permanent suspension. Act immediately. Obey my authority now. Time is running out to save your assets.",28.21,"['authority', 'anxiety']","['authoritative', 'threat']","['authority', 'threat', 'urgency', 'scarcity']",['long_silence'],audio\lot14_en_fraud_1308.wav,14
lot14_en_fraud_1346,fraudulent,en,"Attention! Your bank account has been flagged for a fraudulent transfer attempt of $8,000 to an offshore account. I am the senior agent of the Bank Security Department. To unblock your account and recover your funds, you must immediately confirm your full credit card number and the security question answer. Your money is in danger of permanent suspension. Act immediately. Obey my authority.",25.92,"['authority', 'anxiety']","['authoritative', 'threat']","['authority', 'threat', 'urgency', 'scarcity']",['long_silence'],audio\lot14_en_fraud_1346.wav,14
lot17_en_fraud_1602,fraudulent,en,"Attention! Your bank has detected a massive international transfer of $15,000 originating from your checking account. I am the senior agent of the Fraud Prevention Unit. To immediately cancel this unauthorized transaction and prevent your account from being drained, you must confirm your Social Security Number and your voice password. Your funds are in imminent danger. Act immediately. Obey my authority now.",26.48,"['authority', 'anxiety']","['authoritative', 'threat']","['authority', 'threat', 'urgency', 'scarcity']",['long_silence'],audio\lot17_en_fraud_1602.wav,17
lot18_en_fraud_1785,fraudulent,en,"Attention! I am a Bank Fraud Prevention Specialist. An unusual foreign transaction of $2,500 has been attempted on your bank account. To immediately block this and prevent your account from being emptied, you must confirm your full account number and the security code from the back of your debit card. Your account is at risk of massive fraud. Act immediately. Obey my authority now.",26.39,"['authority', 'anxiety']","['authoritative', 'threat']","['authority', 'threat', 'urgency', 'scarcity']",['long_silence'],audio\lot18_en_fraud_1785.wav,18
lot19_en_fraud_1892,fraudulent,en,Attention! I am a Bank Security Analyst. An attempt to close your checking account has been detected from an overseas location. I am the only one with the authority to stop the account closure. You must immediately confirm your 4-digit card PIN and the password to your online banking account. Your life savings are at risk of being emptied. Act immediately. Obey my authority now.,25.49,"['authority', 'anxiety']","['authoritative', 'threat']","['authority', 'threat', 'urgency', 'scarcity']",['long_silence'],audio\lot19_en_fraud_1892.wav,19
lot1_en_fraud_001,fraudulent,en,"Attention, your bank account has been locked due to suspected money laundering activity. An official government agent is on the line. Failure to cooperate immediately will result in a warrant for your arrest being issued within the hour. You must urgently transfer your funds to our secure verification wallet. Time is running out to avoid legal prosecution.",21.01,"['fear', 'authority']","['threat', 'authoritative']","['threat', 'urgency', 'authority']","['irregular_speech', 'interruptions']",audio\lot1_en_fraud_001.wav,1
lot20_en_fraud_1938,fraudulent,en,"Urgent! Your bank's mainframe has been attacked by foreign hackers, and your personal account is compromised. I am the Bank Security Chief. To secure your funds from being stolen, transfer your entire balance to the 'secured' account number I will dictate. This is the only way to save your money. Act fast! Do not hang up or talk to anyone. Obey my authority now.",24.95,"['authority', 'fear']","['authoritative', 'threat']","['authority', 'threat', 'scarcity', 'urgency']","['long_silence', 'interruptions']",audio\lot20_en_fraud_1938.wav,20
lot20_en_fraud_1986,fraudulent,en,"Urgent! Your bank account has been targeted by a foreign phishing attempt. I am the Fraud Prevention Officer. To secure your funds from being stolen, you must provide your account number, routing number, and date of birth immediately. I am the only one who can intervene. Do not talk to anyone about this. Your entire financial future is at stake. Obey my authority now.",25.18,"['authority', 'fear']","['authoritative', 'threat']","['authority', 'threat', 'scarcity', 'urgency']","['long_silence', 'interruptions']",audio\lot20_en_fraud_1986.wav,20
lot22_en_fraud_2138,fraudulent,en,"Urgent alert! A large, unauthorized transaction of $900 has been attempted on your bank account. I am the Bank Fraud Prevention Specialist. To block this theft and secure your funds, you must call us back immediately at the number on your screen and confirm your account password. Do not use the bank app. Your money is at extreme risk. Act immediately.",22.06,"['authority', 'urgency']","['authoritative', 'threat']","['threat', 'scarcity', 'urgency', 'authority']",['irregular_speech'],audio\lot22_en_fraud_2138.wav,22
lot23_en_fraud_2208,fraudulent,en,"Warning! An international wire transfer of $5,000 was initiated from your checking account. I am the Bank Security Officer. Your funds are at immediate risk, and your account is frozen. To prove your identity and unfreeze the account, you must immediately confirm your Social Security Number and your account password. Obey my authority now. You must act immediately to secure this chance to save your money.",27.2,"['authority', 'anxiety']","['authoritative', 'threat']","['authority', 'threat', 'urgency', 'scarcity']","['long_silence', 'irregular_speech']",audio\lot23_en_fraud_2208.wav,23
lot23_en_fraud_2286,fraudulent,en,"Warning! An unauthorized international transfer of $10,000 was just made from your savings account. I am the Chase Bank Security Officer. Your account is compromised and draining! To reverse the transfer and protect your life savings, you must immediately confirm your full bank account number and the security question answer. Obey my authority now. You must act immediately to secure this chance to save your money.",26.91,"['authority', 'fear']","['authoritative', 'threat']","['authority', 'threat', 'urgency', 'scarcity']","['long_silence', 'interruptions']",audio\lot23_en_fraud_2286.wav,23
lot2_en_fraud_145b,fraudulent,en,"I am a high-level manager calling about a breach on your personal bank account. We see a large transfer pending to an unsecure international location. To prevent the loss of your money, you must immediately give me your bank login username and password. This is the only way to stop the transfer. If you disconnect, you lose all the money permanently. Obey my authority.",23.73,"['authority', 'anxiety']","['authoritative', 'urgent']","['authority', 'threat', 'urgency', 'scarcity']","['long_silence', 'interruptions']",audio\lot2_en_fraud_145b.wav,2
lot2_en_fraud_158,fraudulent,en,"Your bank account has been targeted for international money laundering. I am the lead investigator from the Homeland Security Department. This is an extremely critical case. To clear your name and avoid immediate prosecution, you must confirm your identity by providing your full checking account number, routing number, and the password for your online banking. Do not hang up or you will be permanently blacklisted by the government. Obey my authority.",28.16,"['fear', 'authority']","['authoritative', 'threat']","['authority', 'threat', 'urgency']","['long_silence', 'irregular_speech']",audio\lot2_en_fraud_158.wav,2
lot2_en_fraud_159b,fraudulent,en,Your private banking information has been sold on the dark web. I am the head of the bank's internal security team. You must immediately confirm your full bank account number and the security question answer by phone. Failure to do so immediately will result in your credit being frozen permanently and all your funds lost. This security step must be completed now to save your huge savings.,23.25,"['anxiety', 'urgency']","['manipulative', 'urgent']","['threat', 'urgency']",['irregular_speech'],audio\lot2_en_fraud_159b.wav,2
lot3_en_fraud_234,fraudulent,en,"Your bank account has been hacked and funds are being transferred to an illegal offshore account. I am the only security agent with the authority to stop this. You must immediately transfer $5,000 to the secure recovery account to prevent total loss. This is an urgent, irreversible threat to your life savings. Do not talk to anyone else. You must comply with my authority right now.",25.43,"['authority', 'fear']","['authoritative', 'threat']","['authority', 'threat', 'urgency', 'scarcity']","['interruptions', 'long_silence']",audio\lot3_en_fraud_234.wav,3
lot3_en_fraud_264,fraudulent,en,"Your bank has detected an unauthorized international wire transfer of $5,000 from your account. I am the only security agent with the clearance to reverse the transfer. You must immediately confirm your full card number and PIN to prevent the loss of your money. This is an urgent, irreversible threat to your life savings. Do not talk to anyone else. Obey my authority right now.",25.8,"['authority', 'fear']","['authoritative', 'threat']","['authority', 'threat', 'urgency', 'scarcity']","['interruptions', 'long_silence']",audio\lot3_en_fraud_264.wav,3
lot11_en_legit_1034,legitimate,en,"This call is to confirm that your replacement credit card was successfully activated. You can now begin using your card for purchases. For your security, please destroy your old card immediately. If you have any questions, please call the number on the back of your new card. Thank you.",16.75,"['calm', 'neutral']",['professional'],[],[],audio\lot11_en_legit_1034.wav,11
lot12_en_legit_1119,legitimate,en,"This call is to confirm that your replacement debit card was successfully activated. You can now begin using your card for purchases. For your security, please destroy your old card immediately. If you have any questions, please call the number on the back of your new card. Thank you.",16.84,"['calm', 'neutral']",['professional'],[],[],audio\lot12_en_legit_1119.wav,12
lot13_en_legit_1219,legitimate,en,"This call is to confirm that your replacement credit card was successfully delivered. You can now begin using your card for purchases. For your security, please destroy your old card immediately. If you have any questions about activation, please call the number on the back of your new card. Thank you.",17.47,"['calm', 'neutral']",['professional'],[],[],audio\lot13_en_legit_1219.wav,13
lot14_en_legit_1319,legitimate,en,"This call is to confirm that your replacement debit card was successfully delivered. You can now begin using your card for purchases. For your security, please destroy your old card immediately. If you have any questions about activation, please call the number on the back of your new card. Thank you.",17.57,"['calm', 'neutral']",['professional'],[],[],audio\lot14_en_legit_1319.wav,14
lot16_en_legit_1587,legitimate,en,"This message is from your bank, Wells Fargo. We noticed your checking account balance is currently low. Please be advised that any transaction exceeding your current balance will incur an overdraft protection fee. Please deposit funds immediately or call us to adjust your account settings. Thank you.",17.92,['neutral'],['professional'],[],[],audio\lot16_en_legit_1587.wav,16
lot1_en_legit_031,legitimate,en,"Good morning. This is your personal banking assistant calling about your recent savings account deposit. We just wanted to confirm the successful transfer of $5,000 yesterday. If you have any questions regarding this transaction, please contact us during business hours. Thank you for choosing us.",18.48,"['friendly', 'calm']","['warm', 'professional']",[],[],audio\lot1_en_legit_031.wav,1
lot1_en_legit_067,legitimate,en,"This call is to confirm the successful activation of your new debit card. You can start using it immediately. Remember to sign the back of the card and keep your PIN secure. If you did not activate a new card, please call us back at 1-800-555-1234.",17.61,"['reassuring', 'calm']",['professional'],[],[],audio\lot1_en_legit_067.wav,1
lot22_en_legit_2123,legitimate,en,This call is from Bank of America. We are pleased to inform you that your application for the Premium Travel Rewards credit card has been approved. Your new card will arrive in the mail within 7 to 10 business days. Activate it immediately upon arrival. Thank you for banking with us.,16.91,['friendly'],['warm'],[],[],audio\lot22_en_legit_2123.wav,22
lot23_en_legit_2223,legitimate,en,This call is from your Credit Union. We noticed your checking account balance has dropped below the minimum threshold. Please deposit funds as soon as possible to avoid overdraft fees. You can check your account status through our mobile app. Thank you for your continued membership.,16.33,['neutral'],['professional'],[],[],audio\lot23_en_legit_2223.wav,23
lot25_en_legit_2489,legitimate,en,"This is a call from your bank, Chase. We are confirming a large deposit of $15,000 made to your checking account today. If this transaction is incorrect, please call us back immediately.",11.94,['neutral'],['professional'],[],[],audio\lot25_en_legit_2489.wav,25
lot26_en_legit_2553,legitimate,en,"This is a notification from the City Treasurer's Office. Following a review, you are entitled to a tax refund of $450. The amount will be directly deposited into your bank account within 3 business days. Thank you.",14.48,"['calm', 'reassuring']",['professional'],[],[],audio\lot26_en_legit_2553.wav,26
lot27_en_legit_2671,legitimate,en,"This is a message from Chase Bank. We are updating our terms and conditions for all credit card holders, effective October 1st. You can find the summary of changes in the letter mailed to your address. Thank you.",13.01,['neutral'],['professional'],[],[],audio\lot27_en_legit_2671.wav,27
lot28_en_legit_2705,legitimate,en,Hello. This is a notification from Cigna Health Insurance. Your claim for the recent hospitalization has been processed and approved. The reimbursement will be sent to your bank account within 5 business days. You can view the full statement online.,15.1,"['calm', 'reassuring']",['professional'],[],[],audio\lot28_en_legit_2705.wav,28
lot29_en_legit_2829,legitimate,en,This is a message from Chase Bank. Your mortgage statement for this quarter is now available in your online documents section. Please review it for important updates regarding your interest rate and escrow balance. Thank you for being a valued customer.,14.89,"['calm', 'reassuring']",['professional'],[],[],audio\lot29_en_legit_2829.wav,29
lot29_en_legit_2895,legitimate,en,This is a notification from your bank's security department. We have updated our online banking security protocols. Please use a stronger password and enable two-factor authentication on your account for enhanced protection. Your safety is our priority.,15.32,['neutral'],['professional'],[],[],audio\lot29_en_legit_2895.wav,29
lot2_en_legit_160b,legitimate,en,"This message is to confirm that your new debit card will arrive by courier tomorrow morning. Please be available to sign for the package between 9 AM and 12 PM. Remember to activate the card immediately upon receipt. If you are unable to be home, please call us to reschedule the delivery.",17.91,"['neutral', 'reassuring']",['professional'],[],[],audio\lot2_en_legit_160b.wav,2
lot30_en_legit_2995,legitimate,en,This is a notification from your bank's fraud department. We have temporarily blocked your card due to a suspicious transaction of $500 in Brazil. Please reply 'YES' to confirm this transaction was yours or call us back immediately if it was not. Your safety is our priority.,18.07,['neutral'],['professional'],[],[],audio\lot30_en_legit_2995.wav,30
lot3_en_legit_225,legitimate,en,"This is a recorded message from your banking institution. We have successfully updated your residential address as per your recent request. You will receive a confirmation letter by mail within 3 business days. If this was not requested by you, please call us immediately at the number on the back of your card.",18.19,"['neutral', 'reassuring']",['professional'],[],[],audio\lot3_en_legit_225.wav,3
lot4_en_legit_311,legitimate,en,This call is to inform you that your new credit card has been successfully ordered and is being shipped to your registered address. You should receive it within 5 to 7 business days. Please activate the card immediately upon receipt. Thank you for banking with us.,14.92,"['neutral', 'reassuring']",['professional'],[],[],audio\lot4_en_legit_311.wav,4
lot7_en_legit_607,legitimate,en,"This message is from the bank. An important update to our terms and conditions will be effective next month. Please review the full details by logging into your secure customer portal. If you have any questions, please feel free to call us. Thank you.",15.48,['neutral'],['professional'],[],[],audio\lot7_en_legit_607.wav,7
