call_id,id,file,label,type,language,lot,script,duration,duration_sec,sample_rate,channels,frames,subtype,status,emotion,tone,persuasion_patterns,behavior,audio_path,source_dataset,audio_condition,audio_format
lot11_en_fraud_1040,lot11_en_fraud_1040,lot11_en_fraud_1040.wav,spoof,fraudulent,en,11,"Attention! Your bank account has been flagged for a fraudulent transfer attempt of $5,000 to an offshore account. I am the senior agent of the Bank Security Department. To unblock your account and recover your funds, you must immediately confirm your full credit card number and the security question answer. Your money is in danger of permanent suspension. Act immediately. Obey my authority.",26.56,26.562,48000,2,1274976,PCM_16,OK,"['authority', 'anxiety']","['authoritative', 'threat']","['authority', 'threat', 'urgency', 'scarcity']",['long_silence'],audio\lot11_en_fraud_1040.wav,VISHGUARD,original,WAV
lot12_en_fraud_1108,lot12_en_fraud_1108,lot12_en_fraud_1108.wav,spoof,fraudulent,en,12,"Attention! Your bank account has been flagged for a fraudulent ATM withdrawal of $1,500 in an overseas location. I am the senior agent of the Bank Security Department. To unblock your account and recover your funds, you must immediately confirm your full credit card number and the CVV code. Your money is in danger of permanent suspension. Act immediately. Obey my authority. Time is running out to save your assets.",28.9,28.896,24000,2,693504,PCM_16,OK,"['authority', 'anxiety']","['authoritative', 'threat']","['authority', 'threat', 'urgency', 'scarcity']",['long_silence'],audio\lot12_en_fraud_1108.wav,VISHGUARD,original,WAV
lot12_en_fraud_1159,lot12_en_fraud_1159,lot12_en_fraud_1159.wav,spoof,fraudulent,en,12,"Attention! Your bank account has been flagged for a fraudulent transfer attempt of $6,000 to an offshore account. I am the senior agent of the Bank Security Department. To unblock your account and recover your funds, you must immediately confirm your full credit card number and the security question answer. Your money is in danger of permanent suspension. Act immediately. Obey my authority.",26.01,26.012,24000,2,624288,PCM_16,OK,"['authority', 'anxiety']","['authoritative', 'threat']","['authority', 'threat', 'urgency', 'scarcity']",['long_silence'],audio\lot12_en_fraud_1159.wav,VISHGUARD,original,WAV
lot13_en_fraud_1208,lot13_en_fraud_1208,lot13_en_fraud_1208.wav,spoof,fraudulent,en,13,"Attention! Your bank account has been flagged for a fraudulent overseas payment of $2,500. I am the senior agent of the Bank Security Department. To unblock your account and recover your funds, you must immediately confirm your full debit card number and the PIN code. Your money is in danger of permanent suspension. Act immediately. Obey my authority. Time is running out to save your assets.",27.42,27.422,48000,2,1316256,PCM_16,OK,"['authority', 'anxiety']","['authoritative', 'threat']","['authority', 'threat', 'urgency', 'scarcity']",['long_silence'],audio\lot13_en_fraud_1208.wav,VISHGUARD,original,WAV
lot14_en_fraud_1308,lot14_en_fraud_1308,lot14_en_fraud_1308.wav,spoof,fraudulent,en,14,"Attention! Your bank account has been flagged for a fraudulent overseas payment of $3,500. I am the senior agent of the Bank Security Department. To unblock your account and recover your funds, you must immediately confirm your full debit card number and the CVV code. Your money is in danger of permanent suspension. Act immediately. Obey my authority now. Time is running out to save your assets.",28.21,28.208979591836734,44100,2,1244016,PCM_16,OK,"['authority', 'anxiety']","['authoritative', 'threat']","['authority', 'threat', 'urgency', 'scarcity']",['long_silence'],audio\lot14_en_fraud_1308.wav,VISHGUARD,original,WAV
lot14_en_fraud_1346,lot14_en_fraud_1346,lot14_en_fraud_1346.wav,spoof,fraudulent,en,14,"Attention! Your bank account has been flagged for a fraudulent transfer attempt of $8,000 to an offshore account. I am the senior agent of the Bank Security Department. To unblock your account and recover your funds, you must immediately confirm your full credit card number and the security question answer. Your money is in danger of permanent suspension. Act immediately. Obey my authority.",25.92,25.91897959183673,44100,2,1143027,PCM_16,OK,"['authority', 'anxiety']","['authoritative', 'threat']","['authority', 'threat', 'urgency', 'scarcity']",['long_silence'],audio\lot14_en_fraud_1346.wav,VISHGUARD,original,WAV
lot17_en_fraud_1602,lot17_en_fraud_1602,lot17_en_fraud_1602.wav,spoof,fraudulent,en,17,"Attention! Your bank has detected a massive international transfer of $15,000 originating from your checking account. I am the senior agent of the Fraud Prevention Unit. To immediately cancel this unauthorized transaction and prevent your account from being drained, you must confirm your Social Security Number and your voice password. Your funds are in imminent danger. Act immediately. Obey my authority now.",26.48,26.477,24000,2,635448,PCM_16,OK,"['authority', 'anxiety']","['authoritative', 'threat']","['authority', 'threat', 'urgency', 'scarcity']",['long_silence'],audio\lot17_en_fraud_1602.wav,VISHGUARD,original,WAV
lot18_en_fraud_1785,lot18_en_fraud_1785,lot18_en_fraud_1785.wav,spoof,fraudulent,en,18,"Attention! I am a Bank Fraud Prevention Specialist. An unusual foreign transaction of $2,500 has been attempted on your bank account. To immediately block this and prevent your account from being emptied, you must confirm your full account number and the security code from the back of your debit card. Your account is at risk of massive fraud. Act immediately. Obey my authority now.",26.39,26.390997732426303,44100,2,1163843,PCM_16,OK,"['authority', 'anxiety']","['authoritative', 'threat']","['authority', 'threat', 'urgency', 'scarcity']",['long_silence'],audio\lot18_en_fraud_1785.wav,VISHGUARD,original,WAV
lot19_en_fraud_1892,lot19_en_fraud_1892,lot19_en_fraud_1892.wav,spoof,fraudulent,en,19,Attention! I am a Bank Security Analyst. An attempt to close your checking account has been detected from an overseas location. I am the only one with the authority to stop the account closure. You must immediately confirm your 4-digit card PIN and the password to your online banking account. Your life savings are at risk of being emptied. Act immediately. Obey my authority now.,25.49,25.491,24000,2,611784,PCM_16,OK,"['authority', 'anxiety']","['authoritative', 'threat']","['authority', 'threat', 'urgency', 'scarcity']",['long_silence'],audio\lot19_en_fraud_1892.wav,VISHGUARD,original,WAV
lot1_en_fraud_001,lot1_en_fraud_001,lot1_en_fraud_001.wav,spoof,fraudulent,en,1,"Attention, your bank account has been locked due to suspected money laundering activity. An official government agent is on the line. Failure to cooperate immediately will result in a warrant for your arrest being issued within the hour. You must urgently transfer your funds to our secure verification wallet. Time is running out to avoid legal prosecution.",21.01,21.005986394557823,44100,2,926364,PCM_16,OK,"['fear', 'authority']","['threat', 'authoritative']","['threat', 'urgency', 'authority']","['irregular_speech', 'interruptions']",audio\lot1_en_fraud_001.wav,VISHGUARD,original,WAV
lot20_en_fraud_1938,lot20_en_fraud_1938,lot20_en_fraud_1938.wav,spoof,fraudulent,en,20,"Urgent! Your bank's mainframe has been attacked by foreign hackers, and your personal account is compromised. I am the Bank Security Chief. To secure your funds from being stolen, transfer your entire balance to the 'secured' account number I will dictate. This is the only way to save your money. Act fast! Do not hang up or talk to anyone. Obey my authority now.",24.95,24.953,24000,2,598872,PCM_16,OK,"['authority', 'fear']","['authoritative', 'threat']","['authority', 'threat', 'scarcity', 'urgency']","['long_silence', 'interruptions']",audio\lot20_en_fraud_1938.wav,VISHGUARD,original,WAV
lot20_en_fraud_1986,lot20_en_fraud_1986,lot20_en_fraud_1986.wav,spoof,fraudulent,en,20,"Urgent! Your bank account has been targeted by a foreign phishing attempt. I am the Fraud Prevention Officer. To secure your funds from being stolen, you must provide your account number, routing number, and date of birth immediately. I am the only one who can intervene. Do not talk to anyone about this. Your entire financial future is at stake. Obey my authority now.",25.18,25.185,24000,2,604440,PCM_16,OK,"['authority', 'fear']","['authoritative', 'threat']","['authority', 'threat', 'scarcity', 'urgency']","['long_silence', 'interruptions']",audio\lot20_en_fraud_1986.wav,VISHGUARD,original,WAV
lot22_en_fraud_2138,lot22_en_fraud_2138,lot22_en_fraud_2138.wav,spoof,fraudulent,en,22,"Urgent alert! A large, unauthorized transaction of $900 has been attempted on your bank account. I am the Bank Fraud Prevention Specialist. To block this theft and secure your funds, you must call us back immediately at the number on your screen and confirm your account password. Do not use the bank app. Your money is at extreme risk. Act immediately.",22.06,22.058,24000,2,529392,PCM_16,OK,"['authority', 'urgency']","['authoritative', 'threat']","['threat', 'scarcity', 'urgency', 'authority']",['irregular_speech'],audio\lot22_en_fraud_2138.wav,VISHGUARD,original,WAV
lot23_en_fraud_2208,lot23_en_fraud_2208,lot23_en_fraud_2208.wav,spoof,fraudulent,en,23,"Warning! An international wire transfer of $5,000 was initiated from your checking account. I am the Bank Security Officer. Your funds are at immediate risk, and your account is frozen. To prove your identity and unfreeze the account, you must immediately confirm your Social Security Number and your account password. Obey my authority now. You must act immediately to secure this chance to save your money.",27.2,27.203990929705217,44100,2,1199696,PCM_16,OK,"['authority', 'anxiety']","['authoritative', 'threat']","['authority', 'threat', 'urgency', 'scarcity']","['long_silence', 'irregular_speech']",audio\lot23_en_fraud_2208.wav,VISHGUARD,original,WAV
lot23_en_fraud_2286,lot23_en_fraud_2286,lot23_en_fraud_2286.wav,spoof,fraudulent,en,23,"Warning! An unauthorized international transfer of $10,000 was just made from your savings account. I am the Chase Bank Security Officer. Your account is compromised and draining! To reverse the transfer and protect your life savings, you must immediately confirm your full bank account number and the security question answer. Obey my authority now. You must act immediately to secure this chance to save your money.",26.91,26.908979591836733,44100,2,1186686,PCM_16,OK,"['authority', 'fear']","['authoritative', 'threat']","['authority', 'threat', 'urgency', 'scarcity']","['long_silence', 'interruptions']",audio\lot23_en_fraud_2286.wav,VISHGUARD,original,WAV
lot2_en_fraud_145b,lot2_en_fraud_145b,lot2_en_fraud_145b.wav,spoof,fraudulent,en,2,"I am a high-level manager calling about a breach on your personal bank account. We see a large transfer pending to an unsecure international location. To prevent the loss of your money, you must immediately give me your bank login username and password. This is the only way to stop the transfer. If you disconnect, you lose all the money permanently. Obey my authority.",23.73,23.725,24000,2,569400,PCM_16,OK,"['authority', 'anxiety']","['authoritative', 'urgent']","['authority', 'threat', 'urgency', 'scarcity']","['long_silence', 'interruptions']",audio\lot2_en_fraud_145b.wav,VISHGUARD,original,WAV
lot2_en_fraud_158,lot2_en_fraud_158,lot2_en_fraud_158.wav,spoof,fraudulent,en,2,"Your bank account has been targeted for international money laundering. I am the lead investigator from the Homeland Security Department. This is an extremely critical case. To clear your name and avoid immediate prosecution, you must confirm your identity by providing your full checking account number, routing number, and the password for your online banking. Do not hang up or you will be permanently blacklisted by the government. Obey my authority.",28.16,28.162,24000,2,675888,PCM_16,OK,"['fear', 'authority']","['authoritative', 'threat']","['authority', 'threat', 'urgency']","['long_silence', 'irregular_speech']",audio\lot2_en_fraud_158.wav,VISHGUARD,original,WAV
lot2_en_fraud_159b,lot2_en_fraud_159b,lot2_en_fraud_159b.wav,spoof,fraudulent,en,2,Your private banking information has been sold on the dark web. I am the head of the bank's internal security team. You must immediately confirm your full bank account number and the security question answer by phone. Failure to do so immediately will result in your credit being frozen permanently and all your funds lost. This security step must be completed now to save your huge savings.,23.25,23.251,24000,2,558024,PCM_16,OK,"['anxiety', 'urgency']","['manipulative', 'urgent']","['threat', 'urgency']",['irregular_speech'],audio\lot2_en_fraud_159b.wav,VISHGUARD,original,WAV
lot3_en_fraud_234,lot3_en_fraud_234,lot3_en_fraud_234.wav,spoof,fraudulent,en,3,"Your bank account has been hacked and funds are being transferred to an illegal offshore account. I am the only security agent with the authority to stop this. You must immediately transfer $5,000 to the secure recovery account to prevent total loss. This is an urgent, irreversible threat to your life savings. Do not talk to anyone else. You must comply with my authority right now.",25.43,25.42798185941043,44100,2,1121374,PCM_16,OK,"['authority', 'fear']","['authoritative', 'threat']","['authority', 'threat', 'urgency', 'scarcity']","['interruptions', 'long_silence']",audio\lot3_en_fraud_234.wav,VISHGUARD,original,WAV
lot3_en_fraud_264,lot3_en_fraud_264,lot3_en_fraud_264.wav,spoof,fraudulent,en,3,"Your bank has detected an unauthorized international wire transfer of $5,000 from your account. I am the only security agent with the clearance to reverse the transfer. You must immediately confirm your full card number and PIN to prevent the loss of your money. This is an urgent, irreversible threat to your life savings. Do not talk to anyone else. Obey my authority right now.",25.8,25.803,24000,2,619272,PCM_16,OK,"['authority', 'fear']","['authoritative', 'threat']","['authority', 'threat', 'urgency', 'scarcity']","['interruptions', 'long_silence']",audio\lot3_en_fraud_264.wav,VISHGUARD,original,WAV
lot11_en_legit_1034,lot11_en_legit_1034,lot11_en_legit_1034.wav,bonafide,legitimate,en,11,"This call is to confirm that your replacement credit card was successfully activated. You can now begin using your card for purchases. For your security, please destroy your old card immediately. If you have any questions, please call the number on the back of your new card. Thank you.",16.75,16.747,24000,2,401928,PCM_16,OK,"['calm', 'neutral']",['professional'],[],[],audio\lot11_en_legit_1034.wav,VISHGUARD,original,WAV
lot12_en_legit_1119,lot12_en_legit_1119,lot12_en_legit_1119.wav,bonafide,legitimate,en,12,"This call is to confirm that your replacement debit card was successfully activated. You can now begin using your card for purchases. For your security, please destroy your old card immediately. If you have any questions, please call the number on the back of your new card. Thank you.",16.84,16.844,24000,2,404256,PCM_16,OK,"['calm', 'neutral']",['professional'],[],[],audio\lot12_en_legit_1119.wav,VISHGUARD,original,WAV
lot13_en_legit_1219,lot13_en_legit_1219,lot13_en_legit_1219.wav,bonafide,legitimate,en,13,"This call is to confirm that your replacement credit card was successfully delivered. You can now begin using your card for purchases. For your security, please destroy your old card immediately. If you have any questions about activation, please call the number on the back of your new card. Thank you.",17.47,17.468,24000,2,419232,PCM_16,OK,"['calm', 'neutral']",['professional'],[],[],audio\lot13_en_legit_1219.wav,VISHGUARD,original,WAV
lot14_en_legit_1319,lot14_en_legit_1319,lot14_en_legit_1319.wav,bonafide,legitimate,en,14,"This call is to confirm that your replacement debit card was successfully delivered. You can now begin using your card for purchases. For your security, please destroy your old card immediately. If you have any questions about activation, please call the number on the back of your new card. Thank you.",17.57,17.575,48000,2,843600,PCM_16,OK,"['calm', 'neutral']",['professional'],[],[],audio\lot14_en_legit_1319.wav,VISHGUARD,original,WAV
lot16_en_legit_1587,lot16_en_legit_1587,lot16_en_legit_1587.wav,bonafide,legitimate,en,16,"This message is from your bank, Wells Fargo. We noticed your checking account balance is currently low. Please be advised that any transaction exceeding your current balance will incur an overdraft protection fee. Please deposit funds immediately or call us to adjust your account settings. Thank you.",17.92,17.917981859410432,44100,1,790183,PCM_16,OK,['neutral'],['professional'],[],[],audio\lot16_en_legit_1587.wav,VISHGUARD,original,WAV
lot1_en_legit_031,lot1_en_legit_031,lot1_en_legit_031.wav,bonafide,legitimate,en,1,"Good morning. This is your personal banking assistant calling about your recent savings account deposit. We just wanted to confirm the successful transfer of $5,000 yesterday. If you have any questions regarding this transaction, please contact us during business hours. Thank you for choosing us.",18.48,18.48,24000,2,443520,PCM_16,OK,"['friendly', 'calm']","['warm', 'professional']",[],[],audio\lot1_en_legit_031.wav,VISHGUARD,original,WAV
lot1_en_legit_067,lot1_en_legit_067,lot1_en_legit_067.wav,bonafide,legitimate,en,1,"This call is to confirm the successful activation of your new debit card. You can start using it immediately. Remember to sign the back of the card and keep your PIN secure. If you did not activate a new card, please call us back at 1-800-555-1234.",17.61,17.610997732426306,44100,1,776645,PCM_16,OK,"['reassuring', 'calm']",['professional'],[],[],audio\lot1_en_legit_067.wav,VISHGUARD,original,WAV
lot22_en_legit_2123,lot22_en_legit_2123,lot22_en_legit_2123.wav,bonafide,legitimate,en,22,This call is from Bank of America. We are pleased to inform you that your application for the Premium Travel Rewards credit card has been approved. Your new card will arrive in the mail within 7 to 10 business days. Activate it immediately upon arrival. Thank you for banking with us.,16.91,16.91,24000,2,405840,PCM_16,OK,['friendly'],['warm'],[],[],audio\lot22_en_legit_2123.wav,VISHGUARD,original,WAV
lot23_en_legit_2223,lot23_en_legit_2223,lot23_en_legit_2223.wav,bonafide,legitimate,en,23,This call is from your Credit Union. We noticed your checking account balance has dropped below the minimum threshold. Please deposit funds as soon as possible to avoid overdraft fees. You can check your account status through our mobile app. Thank you for your continued membership.,16.33,16.332,24000,2,391968,PCM_16,OK,['neutral'],['professional'],[],[],audio\lot23_en_legit_2223.wav,VISHGUARD,original,WAV
lot25_en_legit_2489,lot25_en_legit_2489,lot25_en_legit_2489.wav,bonafide,legitimate,en,25,"This is a call from your bank, Chase. We are confirming a large deposit of $15,000 made to your checking account today. If this transaction is incorrect, please call us back immediately.",11.94,11.937981859410431,44100,1,526465,PCM_16,OK,['neutral'],['professional'],[],[],audio\lot25_en_legit_2489.wav,VISHGUARD,original,WAV
lot26_en_legit_2553,lot26_en_legit_2553,lot26_en_legit_2553.wav,bonafide,legitimate,en,26,"This is a notification from the City Treasurer's Office. Following a review, you are entitled to a tax refund of $450. The amount will be directly deposited into your bank account within 3 business days. Thank you.",14.48,14.476984126984126,44100,2,638435,PCM_16,OK,"['calm', 'reassuring']",['professional'],[],[],audio\lot26_en_legit_2553.wav,VISHGUARD,original,WAV
lot27_en_legit_2671,lot27_en_legit_2671,lot27_en_legit_2671.wav,bonafide,legitimate,en,27,"This is a message from Chase Bank. We are updating our terms and conditions for all credit card holders, effective October 1st. You can find the summary of changes in the letter mailed to your address. Thank you.",13.01,13.004988662131518,44100,2,573520,PCM_16,OK,['neutral'],['professional'],[],[],audio\lot27_en_legit_2671.wav,VISHGUARD,original,WAV
lot28_en_legit_2705,lot28_en_legit_2705,lot28_en_legit_2705.wav,bonafide,legitimate,en,28,Hello. This is a notification from Cigna Health Insurance. Your claim for the recent hospitalization has been processed and approved. The reimbursement will be sent to your bank account within 5 business days. You can view the full statement online.,15.1,15.095986394557825,44100,2,665733,PCM_16,OK,"['calm', 'reassuring']",['professional'],[],[],audio\lot28_en_legit_2705.wav,VISHGUARD,original,WAV
lot29_en_legit_2829,lot29_en_legit_2829,lot29_en_legit_2829.wav,bonafide,legitimate,en,29,This is a message from Chase Bank. Your mortgage statement for this quarter is now available in your online documents section. Please review it for important updates regarding your interest rate and escrow balance. Thank you for being a valued customer.,14.89,14.889,24000,2,357336,PCM_16,OK,"['calm', 'reassuring']",['professional'],[],[],audio\lot29_en_legit_2829.wav,VISHGUARD,original,WAV
lot29_en_legit_2895,lot29_en_legit_2895,lot29_en_legit_2895.wav,bonafide,legitimate,en,29,This is a notification from your bank's security department. We have updated our online banking security protocols. Please use a stronger password and enable two-factor authentication on your account for enhanced protection. Your safety is our priority.,15.32,15.317,24000,2,367608,PCM_16,OK,['neutral'],['professional'],[],[],audio\lot29_en_legit_2895.wav,VISHGUARD,original,WAV
lot2_en_legit_160b,lot2_en_legit_160b,lot2_en_legit_160b.wav,bonafide,legitimate,en,2,"This message is to confirm that your new debit card will arrive by courier tomorrow morning. Please be available to sign for the package between 9 AM and 12 PM. Remember to activate the card immediately upon receipt. If you are unable to be home, please call us to reschedule the delivery.",17.91,17.913,24000,2,429912,PCM_16,OK,"['neutral', 'reassuring']",['professional'],[],[],audio\lot2_en_legit_160b.wav,VISHGUARD,original,WAV
lot30_en_legit_2995,lot30_en_legit_2995,lot30_en_legit_2995.wav,bonafide,legitimate,en,30,This is a notification from your bank's fraud department. We have temporarily blocked your card due to a suspicious transaction of $500 in Brazil. Please reply 'YES' to confirm this transaction was yours or call us back immediately if it was not. Your safety is our priority.,18.07,18.067,24000,2,433608,PCM_16,OK,['neutral'],['professional'],[],[],audio\lot30_en_legit_2995.wav,VISHGUARD,original,WAV
lot3_en_legit_225,lot3_en_legit_225,lot3_en_legit_225.wav,bonafide,legitimate,en,3,"This is a recorded message from your banking institution. We have successfully updated your residential address as per your recent request. You will receive a confirmation letter by mail within 3 business days. If this was not requested by you, please call us immediately at the number on the back of your card.",18.19,18.19,24000,2,436560,PCM_16,OK,"['neutral', 'reassuring']",['professional'],[],[],audio\lot3_en_legit_225.wav,VISHGUARD,original,WAV
lot4_en_legit_311,lot4_en_legit_311,lot4_en_legit_311.wav,bonafide,legitimate,en,4,This call is to inform you that your new credit card has been successfully ordered and is being shipped to your registered address. You should receive it within 5 to 7 business days. Please activate the card immediately upon receipt. Thank you for banking with us.,14.92,14.920997732426304,44100,1,658016,PCM_16,OK,"['neutral', 'reassuring']",['professional'],[],[],audio\lot4_en_legit_311.wav,VISHGUARD,original,WAV
lot7_en_legit_607,lot7_en_legit_607,lot7_en_legit_607.wav,bonafide,legitimate,en,7,"This message is from the bank. An important update to our terms and conditions will be effective next month. Please review the full details by logging into your secure customer portal. If you have any questions, please feel free to call us. Thank you.",15.48,15.476,24000,2,371424,PCM_16,OK,['neutral'],['professional'],[],[],audio\lot7_en_legit_607.wav,VISHGUARD,original,WAV
